{
    "metrics": {
        "http_req_duration{expected_response:true}": {
            "med": 3.6818945000000003,
            "max": 16.1132,
            "p(90)": 8.848619600000001,
            "p(95)": 12.416007049999996,
            "avg": 4.848958350000001,
            "min": 1.75683
        },
        "vus_max": {
            "value": 10,
            "min": 10,
            "max": 10
        },
        "checks": {
            "passes": 60,
            "fails": 0,
            "value": 1
        },
        "http_req_connecting": {
            "med": 0,
            "max": 0.192238,
            "p(90)": 0.15834820000000002,
            "p(95)": 0.17257674999999997,
            "avg": 0.026013966666666666,
            "min": 0
        },
        "http_req_blocked": {
            "p(90)": 0.755664,
            "p(95)": 0.8003732499999999,
            "avg": 0.12988158333333327,
            "min": 0.003695,
            "med": 0.007714,
            "max": 0.830266
        },
        "http_req_waiting": {
            "avg": 4.711066566666665,
            "min": 1.658144,
            "med": 3.5660014999999996,
            "max": 15.874282,
            "p(90)": 8.562033000000001,
            "p(95)": 12.260323349999997
        },
        "http_reqs": {
            "count": 60,
            "rate": 19.726862830441608
        },
        "http_req_receiving": {
            "med": 0.0718155,
            "max": 0.543164,
            "p(90)": 0.1336612,
            "p(95)": 0.13802644999999988,
            "avg": 0.0890694,
            "min": 0.037034
        },
        "http_req_failed": {
            "passes": 0,
            "fails": 60,
            "value": 0
        },
        "data_sent": {
            "count": 10440,
            "rate": 3432.4741324968395
        },
        "iterations": {
            "count": 60,
            "rate": 19.726862830441608
        },
        "http_req_tls_handshaking": {
            "avg": 0,
            "min": 0,
            "med": 0,
            "max": 0,
            "p(90)": 0,
            "p(95)": 0
        },
        "http_req_duration": {
            "avg": 4.848958350000001,
            "min": 1.75683,
            "med": 3.6818945000000003,
            "max": 16.1132,
            "p(90)": 8.848619600000001,
            "p(95)": 12.416007049999996
        },
        "data_received": {
            "count": 14392,
            "rate": 4731.816830928593
        },
        "iteration_duration": {
            "min": 502.107665,
            "med": 504.748702,
            "max": 518.222475,
            "p(90)": 510.3917635,
            "p(95)": 513.6186981,
            "avg": 505.73718478333325
        },
        "vus": {
            "value": 10,
            "min": 10,
            "max": 10
        },
        "http_req_sending": {
            "med": 0.0302085,
            "max": 0.183404,
            "p(90)": 0.11852160000000005,
            "p(95)": 0.15760659999999999,
            "avg": 0.04882238333333335,
            "min": 0.018593
        }
    },
    "root_group": {
        "id": "d41d8cd98f00b204e9800998ecf8427e",
        "groups": {},
        "checks": {
                "status is 200": {
                    "passes": 60,
                    "fails": 0,
                    "name": "status is 200",
                    "path": "::status is 200",
                    "id": "6210a8cd14cd70477eba5c5e4cb3fb5f"
                }
            },
        "name": "",
        "path": ""
    }
}