{
  "mean": [
    3.8192182410423454,
    121.67100977198697,
    72.1400651465798,
    29.042345276872965,
    137.70521172638436,
    32.44674266044791,
    0.4774283401498189,
    33.36644951140065
  ],
  "scale": [
    3.3114482165863706,
    29.979350764655695,
    12.265119260910417,
    8.884611281688805,
    78.70059996835252,
    6.818583084598681,
    0.33003119308972656,
    11.823797902547419
  ],
  "feature_names": [
    "Pregnancies",
    "Glucose",
    "BloodPressure",
    "SkinThickness",
    "Insulin",
    "BMI",
    "DiabetesPedigreeFunction",
    "Age"
  ]
}