{
  "mean": [
    3.8192182410423454,
    121.67100977198697,
    72.1400651465798,
    27.332247557003257,
    93.07166123778502,
    32.44234527749425,
    0.4774283401498189,
    33.36644951140065,
    3993.5052064777587,
    148.4185667752443,
    3152.253099224078
  ],
  "scale": [
    3.3114482165863706,
    29.979350764655695,
    12.265119260910417,
    9.296090514688546,
    97.74281838298276,
    6.81877303700503,
    0.33003119308972656,
    11.823797902547419,
    1444.9143957382896,
    157.81500440765095,
    3636.9567035181008
  ],
  "feature_names": [
    "Pregnancies",
    "Glucose",
    "BloodPressure",
    "SkinThickness",
    "Insulin",
    "BMI",
    "DiabetesPedigreeFunction",
    "Age",
    "Glucose_BMI",
    "Age_Pregnancies",
    "Insulin_BMI"
  ],
  "n_features": 11
}