{
  "mean": [
    0.1770961582660675,
    -0.02011844515800476,
    0.9490019679069519,
    0.6324844360351562,
    0.11567988991737366,
    0.13603094220161438,
    -2.165118455886841,
    -1.1218050718307495
  ],
  "scale": [
    1.0,
    1.0,
    1.0,
    1.0,
    1.0,
    1.0,
    1.0,
    1.0
  ],
  "feature_names": [
    "Pregnancies",
    "Glucose",
    "BloodPressure",
    "SkinThickness",
    "Insulin",
    "BMI",
    "DiabetesPedigreeFunction",
    "Age"
  ],
  "method": "yeo-johnson"
}