{
  "mean": [
    83.83042969861576,
    97.15911382185622,
    36.84410526375313,
    123.32411433525942,
    82.58292102684455,
    63.88493405197656,
    18.542828506096097,
    33.04775036716111,
    -0.3791431880122176,
    24.358358124974075,
    0.5404515358034793,
    7.383387977905482,
    40.3887336120914,
    21.78714044139555,
    1.4160134718116355,
    131.52521531625842,
    2.0195684641170284,
    4.093194613093939,
    32.00317808366236,
    10.707183065403102
  ],
  "scale": [
    14.667278288964884,
    2.086550719266638,
    0.5480962449280782,
    17.760070917877574,
    12.566569204922517,
    9.862455585098026,
    3.400757064886884,
    2.832514948149245,
    2.191530364433062,
    2.7513634061436254,
    5.567027211731745,
    0.04242356178305275,
    5.593800197131311,
    17.544328780936358,
    1.7593385028568242,
    36.89922602150316,
    0.29864259495422074,
    0.4817299484472718,
    5.272974897249227,
    1.83896128776271
  ],
  "feature_names": [
    "HR",
    "O2Sat",
    "Temp",
    "SBP",
    "MAP",
    "DBP",
    "Resp",
    "EtCO2",
    "BaseExcess",
    "HCO3",
    "FiO2",
    "pH",
    "PaCO2",
    "BUN",
    "Creatinine",
    "Glucose",
    "Magnesium",
    "Potassium",
    "Hct",
    "Hgb"
  ]
}